{"cameraMode":{"drawMode":0,"name":"Shaded","section":"Shading Mode"},"sceneLighting":false,"audioPlay":false,"sceneViewState":{"showFog":true,"showMaterialUpdate":true,"showSkybox":true,"showFlares":true,"showImageEffects":true,"showParticleSystems":true},"in2DMode":false,"pivot":{"x":2.2363526821136476,"y":1.307998538017273,"z":-3.9018754959106447},"rotation":{"x":0.2155478447675705,"y":0.6719988584518433,"z":-0.21452206373214723,"w":0.6752310395240784},"size":2.0183331966400148,"orthographic":false}