{"cameraMode":{"drawMode":0,"name":"Shaded","section":"Shading Mode"},"sceneLighting":false,"audioPlay":false,"sceneViewState":{"showFog":true,"showMaterialUpdate":true,"showSkybox":true,"showFlares":true,"showImageEffects":true,"showParticleSystems":true},"in2DMode":false,"pivot":{"x":67.0999984741211,"y":1.968392014503479,"z":-3.200000047683716},"rotation":{"x":0.2155478447675705,"y":0.6719988584518433,"z":-0.21452206373214723,"w":0.6752310395240784},"size":5.83994197845459,"orthographic":false}