{"cameraMode":{"drawMode":0,"name":"Shaded","section":"Shading Mode"},"sceneLighting":false,"audioPlay":false,"sceneViewState":{"showFog":true,"showMaterialUpdate":true,"showSkybox":true,"showFlares":true,"showImageEffects":true,"showParticleSystems":true},"in2DMode":false,"pivot":{"x":-7.593285083770752,"y":1.6518524885177613,"z":-3.509999990463257},"rotation":{"x":0.2155478447675705,"y":0.6719988584518433,"z":-0.21452206373214723,"w":0.6752310395240784},"size":6.0247087478637699,"orthographic":false}