{"cameraMode":{"drawMode":0,"name":"Shaded","section":"Shading Mode"},"sceneLighting":false,"audioPlay":false,"sceneViewState":{"showFog":true,"showMaterialUpdate":true,"showSkybox":true,"showFlares":true,"showImageEffects":true,"showParticleSystems":true},"in2DMode":false,"pivot":{"x":61.80924987792969,"y":1.380607008934021,"z":-30.804832458496095},"rotation":{"x":0.19924168288707734,"y":0.2007417529821396,"z":-0.0417424775660038,"w":0.9582604765892029},"size":6.429139614105225,"orthographic":false}