{"cameraMode":{"drawMode":0,"name":"Shaded","section":"Shading Mode"},"sceneLighting":false,"audioPlay":false,"sceneViewState":{"showFog":true,"showMaterialUpdate":false,"showSkybox":true,"showFlares":true,"showImageEffects":true,"showParticleSystems":true},"in2DMode":false,"pivot":{"x":2.4050228595733644,"y":1.566112995147705,"z":-3.51785945892334},"rotation":{"x":-0.1823345422744751,"y":-0.7538092732429504,"z":0.2345021814107895,"w":-0.5861181616783142},"size":30.559165954589845,"orthographic":false}