{"cameraMode":{"drawMode":0,"name":"Shaded","section":"Shading Mode"},"sceneLighting":false,"audioPlay":false,"sceneViewState":{"showFog":true,"showMaterialUpdate":false,"showSkybox":true,"showFlares":true,"showImageEffects":true,"showParticleSystems":true},"in2DMode":false,"pivot":{"x":62.360107421875,"y":1.1044492721557618,"z":-31.24045181274414},"rotation":{"x":0.013737566769123078,"y":0.9401975870132446,"z":-0.03819317743182182,"w":0.33820292353630068},"size":4.929138660430908,"orthographic":false}