{"cameraMode":{"drawMode":0,"name":"Shaded","section":"Shading Mode"},"sceneLighting":false,"audioPlay":false,"sceneViewState":{"showFog":true,"showMaterialUpdate":false,"showSkybox":true,"showFlares":true,"showImageEffects":true,"showParticleSystems":true},"in2DMode":false,"pivot":{"x":-7.719999313354492,"y":0.0,"z":7.630000114440918},"rotation":{"x":-0.38097649812698367,"y":0.06288968771696091,"z":-0.025983896106481553,"w":-0.9220773577690125},"size":9.478528022766114,"orthographic":false}